name,address,type,Phone,url,latitude,longitude,time,Description,Afterschool
SMACK,"CFA CHURCH, 150 Warren C Coleman Blvd N, Concord, NC 28027",Arts,(980) 643-1971,https://www.smackinfo.com,35.39769166,-80.60725138,Daycamp,,
Summer Arts Camp,"1315 South Nc 16 Highway Business, Denver, NC 28037",Arts, (980) 247-0475,https://www.ncsummerartscamp.com,35.416277,-81.010495,Daycamp,Ages 3-14,
Childrens Theatre of Charlotte,"300 E 7th St Charlotte, NC 28202",Arts,704-973-2828,https://ctcharlotte.org/Online/default.asp?doWork::WScontent::loadArticle=Load&BOparam::WScontent::loadArticle::article_id=27420D7C-5F3D-4DE5-B194-3F7BAD383AAE&menu_id=26D942A7-8314-4559-B4F6-A0887A401698,35.2275591,-80.8376,Daycamp,Ages 3-18,
Childrens Theatre of Charlotte,"2800 Campus Ridge Rd Suite 1113, Matthews NC 28105",Arts,704-973-2828,https://ctcharlotte.org/Online/default.asp?doWork::WScontent::loadArticle=Load&BOparam::WScontent::loadArticle::article_id=27420D7C-5F3D-4DE5-B194-3F7BAD383AAE&menu_id=26D942A7-8314-4559-B4F6-A0887A401698,35.106532,-80.693912,Daycamp,Ages 3-18,
Childrens Theatre of Charlotte,"2001 Gaston Day School Rd, Gastonia NC 29056",Arts,704-973-2828,https://ctcharlotte.org/Online/default.asp?doWork::WScontent::loadArticle=Load&BOparam::WScontent::loadArticle::article_id=27420D7C-5F3D-4DE5-B194-3F7BAD383AAE&menu_id=26D942A7-8314-4559-B4F6-A0887A401698,35.199181,-81.142216,Daycamp,Ages 3-18,
Camp Carolina,1 Lambs Creek Rd Brevard NC 28712,Boys,(828) 884-2414,https://www.campcarolina.com,35.26378825,-82.71556338,Overnight,Summer camp for K-11th grade; Father Son weekend,
Camp High Rocks,1234 High Rocks Rd Brevard NC 28712,Boys,(828) 885-2153,https://www.highrocks.com,35.1487231,-82.68646159,Overnight,Summer camp for K-10th grade; Faterh Son weekend; Family Camp,
Camp Mondamin,413 Mondamin Rd Zirconia NC 28790,Boys,(828) 693-7446,https://www.mondamin.com,35.22317712,-82.4264846,Overnight,Ages 6-18; Family weekends,
Camp Ridgecrest For Boys,105 Balsam Rd Hendersonville NC 28792,Boys,(828) 669-8051,https://boys.ridgecrestcamps.com,35.29568424,-82.44993963,Overnight,Grades 1-12,
Camp Rockmont,375 Lake Eden Rd Black Mountain NC 28711,Boys,(828) 686-3885,https://www.rockmont.com,35.63087557,-82.36131748,Overnight,Ages 7-17,
Camp Sea Gull For Boys,218 Sea Gull Lndg Arapahoe NC 28510,Boys,(252) 249-1111,https://www.seagull-seafarer.org,34.972682,-76.805591,Overnight,Ages 6-16,
Camp Timberlake,707 Dink Cannon Rd Marion NC 28752,Boys,(828) 738-4287,https://www.camptimberlake.com,35.59229075,-82.01982277,Overnight,Grades 1-11; Fater-Son weekends; Family Camp,
Falling Creek Camp,"2900 Green River Road Zirconia, North Carolina 28790",Boys,(828) 692-0262,https://www.fallingcreek.com,35.188126,-82.500771,Overnight,Grades 1-11; Father-son,
Ridgecrest Summer Camps,290 Yates Ave Ridgecrest NC 28770,Boys,(828) 669-8051,https://boys.ridgecrestcamps.com,35.61839458,-82.27797962,Overnight,Grades 1-11,
Dance Express,6932 Market St Wilmington NC 28411,Arts,(910) 790-9980 ,https://danceexpresswilmington.com,34.26331675,-77.82801334,Daycamp,Ages 3-14,
Dance Express,"16865 Highway 17 N Hampstead, NC 28443",Arts,(910) 790-9980,https://www.danceexpresswilmington.com,34.389859,-77.684333,Daycamp,Ages 3-14,
In His Steps,159 Church St Asheville NC 28801,Arts,(828) 285-0360,https://ihsdanceasheville.wixsite.com/in-his-steps,35.58919018,-82.55249258,Daycamp,Ages 5 and up,
On Stage School of Dance,3745 Admiral Dr High Point NC 27265,Arts,(336) 841-0931,http://www.onstageschoolofdance.com,36.02797434,-79.96615181,Daycamp,Ages 4 and up,
Outer Banks Ctr For Dance,2910 S Croatan Hwy Nags Head NC 27959,Arts,(252) 480-1086,http://obxdance.com,35.97807422,-75.641177,Daycamp,,
Premier School of Dance,107 Edinburgh S Dr # 100A Cary NC 27511,Arts,(919) 851-2570,http://www.premierschoolofdance.com,35.73744027,-78.8001865,Daycamp,Ages 2.5-9,
Studio A Dancearts,1714 Legion Rd Chapel Hill NC 27517,Arts,(919) 929-5202,http://www.studioadancearts.com,35.93933446,-79.01710311,Daycamp,Ages 3 and up,
Adventure Camp For Christ Inc,220 Woodberry Cir Raeford NC 28376,Faith-based,(910) 000-1111,https://www.acfc1.org,35.03091232,-79.11130045,Overnight,Grades 5-12,
Ambassador Camp,702 Lakeshore Dr Lake Waccamaw NC 28450,Faith-based,(910) 646-3909,https://www.ambassadorcamp.org,34.31399919,-78.51228512,Overnight,Ages 8-12,
Ambassador Camp,702 Lakeshore Dr Lake Waccamaw NC 28450,Faith-based,(910) 646-3909,https://www.ambassadorcamp.org,34.31399919,-78.51228512,Daycamp,Ages 5-7,
Anchorage Christian Camp,412 Lakeshore Dr Lake Waccamaw NC 28450,Faith-based,(910) 646-4111,https://www.theanchoragecamp.org,34.31569083,-78.5181032,Overnight,Grades 3-12,
Blessed Solutions,1205 Murchison Rd Fayetteville NC 28301,Faith-based,(910) 423-2220,https://www.blessed-solutions.org,35.07157768,-78.89466394,Daycamp,,
Blue Star Camps,179 Blue Star Way Hendersonville NC 28739,Faith-based,(828) 692-3591,https://www.bluestarcamps.com,35.24595624,-82.53687671,Overnight,Ages 6-16; Jewish,
Camp Andrew Inc,225 Woodville Rd Mt Airy NC 27030,Faith-based,(336) 000-1111,https://www.campandrew.org,36.5038016,-80.47709479,Overnight,,
Camp Canaan,"3111 Sand Island Rd, Rock Hill, SC 29732",Faith-based,(803) 327-6932,https://campcanaan.org,35.01307745,-81.00082372,Overnight,Ages 5-16,
Camp Canaan,"3111 Sand Island Rd, Rock Hill, SC 29732",Faith-based,(803) 327-6932,https://campcanaan.org,35.01307745,-81.00082372,Daycamp,Ages 5-16,
Camp Chestnut Ridge,4300 Camp Chestnut Ridge Rd Efland NC 27243,Faith-based,(919) 304-2178,https://www.campchestnutridge.org,36.03824005,-79.1928743,Overnight,Grades  2-12,
Camp Chestnut Ridge,4300 Camp Chestnut Ridge Rd Efland NC 27243,Faith-based,(919) 304-2178,https://www.campchestnutridge.org,36.03824005,-79.1928743,Daycamp,Grades PreK-12,
Camp Dixie,373 Bladen Union Church Rd Fayetteville NC 28306,Faith-based,(910) 865-5180,https://www.campdixie.com,34.81474546,-78.83969175,Overnight,Ages 4-18,
Camp Greystone,21 Camp Greystone Ln Zirconia NC 28790,Faith-based,(828) 693-3182,https://www.campgreystone.com,35.22106311,-82.43567811,Overnight,Grades 1-11,
Camp Guilrock,531 Beville Rd Reidsville NC 27320,Faith-based,(336) 342-1951,https://www.campguilrock.org,36.26473769,-79.70790414,Daycamp,Grades 1-6,
Camp Henry,25 Wormy Chestnut Ln Canton NC 28716,Faith-based,(828) 475-9264,https://www.lakelogan.org,35.4081648,-82.92784741,Overnight,Grades 1-11; Family camp,
Camp Highlander,42 Dalton Rd Horse Shoe NC 28742,Faith-based,(828) 891-7721,https://www.camphighlander.com,35.37291236,-82.61580813,Overnight,Ages 6-16,
Camp Hope of Greensboro LLC,4104 Short Farm Rd Greensboro NC 27406,Faith-based,(336) 000-1111,https://www.camphopegso.com,36.00060671,-79.82640993,Daycamp,Grades K-5,
Camp Judea,48 Camp Judaea Dr Hendersonville NC 28792,Faith-based,(828) 685-8841,https://www.campjudaea.org,35.37624643,-82.38294416,Overnight,Grades 2-11; Jewish,
Camp JuMP,"Fine Arts Center, 333 Jeremiah Blvd, Charlotte, NC 28262",Faith-based,(704) 596-4856,https://www.campjumpcharlotte.com,35.2848025,-80.78354723,Daycamp,Theatre training and performance,
Camp Kahdalea/Chosatonga,2500 Morgan Mill Rd Brevard NC 28712,Faith-based,(828) 884-6834,https://www.kahdalea.com,35.17719516,-82.82559193,Overnight,Ages 7-15,
Camp Kanuga,130 Kanuga Chapel Dr Hendersonville NC 28739,Faith-based,(828) 692-9136,https://www.kanuga.org,35.26410439,-82.51692413,Daycamp,Grades 1-6th; Family camp,
Camp Kerr Lake,3111 Flemingtown Rd Henderson NC 27537,Faith-based,(252) 436-2255,https://www.shilohfamilyministries.org,36.43367005,-78.34949668,Overnight,Youth,
Camp Linn Haven,1308 Linville Falls Hwy Linville NC 28646,Faith-based,(828) 733-8885,https://www.camplinnhaven.org,36.0529496,-81.88577839,Overnight,Grades 6-8th; Family week,
Camp Living Water,1510 W Deep Creek Rd Bryson City NC 28713,Faith-based,(828) 488-6012,https://www.camplivingwater.com,35.45309609,-83.44299046,Daycamp,Ages 6-12,
Camp Living Water,1510 W Deep Creek Rd Bryson City NC 28713,Faith-based,(828) 488-6012,https://www.camplivingwater.com,35.45309609,-83.44299046,Overnight,Ages 7-17,
Camp Lurecrest,207 Charlotte Dr Lake Lure NC 28746,Faith-based,(704) 841-2701,https://www.camplurecrest.org,35.42184353,-82.19059821,Overnight,Grades 3-12,
Camp Manna Ministries Inc,243 Gibson Way Mocksville NC 27028,Faith-based,(336) 284-2267,https://www.campmanna.org,35.80484942,-80.53299135,Daycamp,Grades K-8,
Camp Mccall,1040 Camp Mccall Rd Bostic NC 28018,Faith-based,(828) 245-0013,https://www.campmccall.org,35.55721221,-81.81738558,Overnight,Grades 1-12,
Camp Moo Gung Hwa,5408 Duraleigh Rd Raleigh NC 27612,Faith-based,(919) 605-2743,https://www.koreanculturecamp.net,35.8506244,-78.71099128,Daycamp,Grades PreK-9,
Camp Oak Hill & Retreat Ctr,1528 Oak Hill Rd Oxford NC 27565,Faith-based,(919) 782-2888,https://www.campoakhill.org,36.48726774,-78.72051775,Overnight,Grades 3-11,
Camp Rock,7224 Park Road Charlotte NC 28210,Faith-based,(704) 716-8700,https://www.foresthill.org/camprock/,35.13498744,-80.85342562,Daycamp,Grades 3-5,
Camp Rockfish,226 Camp Rockfish Rd Parkton NC 28371,Faith-based,(910) 425-3529,https://www.camprockfish.org,34.95094855,-79.05143381,Daycamp,Ages 5-15,
Camp Rockfish,226 Camp Rockfish Rd Parkton NC 28371,Faith-based,(910) 425-3529,https://www.camprockfish.org,34.95094855,-79.05143381,Overnight,Ages 5-15; Family camp,
Camp Timbrel,1023 Browning Rd Greensboro NC 27410,Faith-based,(336) 000-1111,https://www.camptimbrel.org/?fbclid=IwY2xjawJOPzFleHRuA2FlbQIxMAABHZeiybOdDaN0AMV3XaI7XBx6z1aULVc0AreRuJ2UHW-iew0Ijcf65hFofQ_aem_FaVarWZWAsxINUG09hI55w,36.09546927,-79.8445114,Overnight,Grades 6-8; Jewish camp for girls,
Camp Willow Springs,102 Camp Willow Springs Dr Littleton NC 27850,Faith-based,(252) 586-0728,https://www.campwillowsprings.org,36.49238904,-77.90823685,Overnight,Grades 3-6,
Carolina Bible Camp & Retreat,1988 Jericho Church Rd Mocksville NC 27028,Faith-based,(336) 492-7802,https://www.carolinabiblecamp.org,35.86780775,-80.60333421,Overnight,Ages 9-19,
Crowders Ridge Camp," 130 Camp Rotary Rd, Gastonia, NC 28052",Faith-based,(704) 915-1096,https://www.crowderscamps.com,35.235551,-81.264484,Overnight,,
Crowders Ridge Camp," 130 Camp Rotary Rd, Gastonia, NC 28052",Faith-based,(704) 915-1096,https://www.crowderscamps.com,35.235551,-81.264484,Daycamp,Grades K-6,
Crowders Springs Camp,"4914 Linwood Road, Kings Mountain, NC 28086",Faith-based,(704) 915-1096,https://www.crowderscamps.com/explore-springs,35.24865399,-81.27248997,Overnight,,
Crowders Springs Camp,"4914 Linwood Road, Kings Mountain, NC 28086",Faith-based,(704) 915-1096,https://www.crowderscamps.com/explore-springs,35.24865399,-81.27248997,Daycamp,Grades K-6,
Don Lee Camp & Retreat Ctr,315 Camp Don Lee Rd Arapahoe NC 28510,Faith-based,(252) 249-1106,https://donleecenter.org,34.97585837,-76.79123328,Overnight,Ages 7-18,
Harvest Time Bible Camp,744 Missionary Plantation Rd Ellenboro NC 28040,Faith-based,(828) 245-6681,http://www.harvesttimebiblecamp.org,35.45916034,-81.73809005,Daycamp,,
Holston Presbytery Camp-Rtrt,6993 Hickory Nut Gap Rd Banner Elk NC 28604,Faith-based,(844) 465-7866,https://www.holstoncenter.org,36.13951751,-81.89058789,Daycamp,Grades 1-8,
Holston Presbytery Camp-Rtrt,6993 Hickory Nut Gap Rd Banner Elk NC 28604,Faith-based,(844) 465-7866,https://www.holstoncenter.org,36.13951751,-81.89058789,Overnight,Grades 1-12,
Johns River Valley Camp,6211 US Highway 90 Collettsville NC 28611,Faith-based,(828) 754-7067,https://www.jrvc.org,36.01073377,-81.69041933,Overnight,Grades 3-12,
Merriwood Christian,9640 Center Grove Church Rd Clemmons NC 27012,Faith-based,(336) 766-5151,https://www.campmerriwood.net,36.03400403,-80.43551574,Daycamp,Grades 1-4,
Monroe Camp & Retreat Ctr,24501 Camp Monroe Rd Laurel Hill NC 28351,Faith-based,(910) 276-1654,https://www.monroecamp.org,34.8877196,-79.48580404,Daycamp,Ages 6-14,
Monroe Camp & Retreat Ctr,24501 Camp Monroe Rd Laurel Hill NC 28351,Faith-based,(910) 276-1654,https://www.monroecamp.org,34.8877196,-79.48580404,Overnight,Ages 8-16,
Mountain,841 Highway 106 Highlands NC 28741,Faith-based,(828) 526-5838,https://www.themountainrlc.org,35.031281,-83.255956,Daycamp,Age 6-17,
Mountain,841 Highway 106 Highlands NC 28741,Faith-based,(828) 526-5838,https://www.themountainrlc.org,35.031281,-83.255956,Overnight,Age 9-17,
Mountain Top Youth Camp Inc,1460 Mackay Ln Pinnacle NC 27043,Faith-based,(336) 351-3485,https://www.mountaintopyouthcamp.org,36.37934811,-80.37801264,Daycamp,Ages 6-18,
Mt Shepherd Retreat Ctr,1045 Mount Shepherd Road Ext Asheboro NC 27205,Faith-based,(336) 629-4085,https://www.mtshepherd.org,35.75582894,-79.96171535,Overnight,Grades 3-11,
Mt Shepherd Retreat Ctr,1045 Mount Shepherd Road Ext Asheboro NC 27205,Faith-based,(336) 629-4085,https://www.mtshepherd.org,35.75582894,-79.96171535,Overnight,Grades 3-11,
New Hope Camp & Conference Center,4805 NC Highway 86 Chapel Hill NC 27514,Faith-based,(919) 942-4716,https://www.newhopeccc.org,36.0117753,-79.0715277,Daycamp,Grades K-8,
New Hope Camp & Conference Ctr,4805 NC Highway 86 Chapel Hill NC 27514,Faith-based,(919) 942-4716,https://www.newhopeccc.org,36.0115868,-79.07005453,Overnight,Grades 3-9,
New Life Camp,9927 Falls of Neuse Rd Raleigh NC 27614,Faith-based,(919) 847-0764,https://www.newlifecamp.com,35.90939866,-78.59962896,Overnight,Ages 8-18,
New Life Camp,9927 Falls of Neuse Rd Raleigh NC 27614,Faith-based,(919) 847-0764,https://www.newlifecamp.com,35.90939866,-78.59962896,Daycamp,Ages 4-10,
Roanoke Christian Svc Camp,389 Christian Service Camp Rd Washington NC 27889,Faith-based,(252) 946-5329,https://www.roanokechristiancamp.com,35.5161555,-77.00914958,Overnight,Ages 6-17,
Roanoke Christian Svc Camp,389 Christian Service Camp Rd Washington NC 27889,Faith-based,(252) 946-5329,https://www.roanokechristiancamp.com,35.5161555,-77.00914958,Daycamp,Ages 4-6,
South Mountain Baptist Camp,3558 Baptist Camp Rd Connelly Springs NC 28612,Faith-based,(828) 437-8788,https://www.southmountainbaptistcamp.com,35.60915448,-81.5980923,Overnight,Grades 1-12,
South Mountain Christian Camp,1129 S Mountain Rd Bostic NC 28018,Faith-based,(828) 245-3322,https://www.southmountainchristiancamp.org,35.40408612,-81.78868233,Overnight,Ages 7-15,
The Salvation Army Red Shield Youth Center of Alamance County,"807 Stockard St, Burlington, NC 27215",Faith-based, (336) 226-4462,https://southernusa.salvationarmy.org/alamance/red-shield-youth-center,36.0852468,-79.4245212,Daycamp,Ages 6-14,
Truett Conference Ctr & Camp,177 Truett Ln Hayesville NC 28904,Faith-based,(828) 389-8828,https://www.truettcamp.org,35.0380466,-83.84508934,Overnight,Ages 7-17,
TVR Christian Camp & Retreat,216 Tvr Loop Rd Plumtree NC 28664,Faith-based,(828) 765-7860,https://www.tvr.org,36.020194,-82.006705,Overnight,Grades 3-12,
United Methodist Camp Tekoa,211 Thomas Rd Hendersonville NC 28739,Faith-based,(828) 692-6516,https://www.camptekoa.org,35.26269088,-82.50554963,Daycamp,Ages 6-11,
United Methodist Camp Tekoa,211 Thomas Rd Hendersonville NC 28739,Faith-based,(828) 692-6516,https://www.camptekoa.org,35.26269088,-82.50554963,Overnight,Ages 7-17,
Whisper Mountain Ministries,2240 Long Creek Rd Robbinsville NC 28771,Faith-based,(828) 479-2993,https://www.whispermountain.org,35.28230971,-83.81973821,Overnight,Ages 7-12,
Wilds,1000 Wilds Ridge Rd Brevard NC 28712,Faith-based,(828) 884-7811,https://www.wilds.org,35.08873805,-82.86612925,Overnight,Junior Booth Camp; Summer teen camp; Family Camp; Mother Daughter; Father Son,
Wilds Christian Camp,Old Toxaway Rd Brevard NC 28712,Faith-based,(828) 884-7811,https://www.wilds.org,35.085785,-82.870598,Overnight,Ages 12 and up,
Youth Camps For Christ,190 Mangum Ln Littleton NC 27850,Faith-based,(252) 586-4665,https://www.campwillowrun.org,36.49200386,-77.91433997,Overnight,Grades 7-12,
Clapping Hands Farm,3348 Alston Chapel Rd Pittsboro NC 27312,Other,(919) 542-5599,https://www.clappinghandsfarm.com,35.7092397,-79.24892197,Daycamp,Ages 7-13,
Ashton Farm Summer Day Camp,5645 US Highway 117 S Burgaw NC 28425,Other,(910) 259-2412,http://www.ashtonfarmcamp.com,34.47547601,-77.88779145,Daycamp,Ages 5-12,
Camp Crestridge For Girls,105 Balsam Rd Black Mountain NC 28711,Girls,(828) 669-2613,https://girls.ridgecrestcamps.com,35.205788,-80.554009,Overnight,Grades 1-12,
Camp Duncan,676 Hight Rd Aberdeen NC 28315,Girls,(910) 944-3077,https://www.campduncannc.org,35.10715255,-79.41015363,Overnight,Ages 8-15,
Camp Ginger Cascades,1963 Cascade Ln Lenoir NC 28645,Girls,(828) 757-3204,https://www.girlscoutsp2p.org/en/members/for-girl-scouts/camp-and-outdoors.html,35.79977493,-81.41787221,Overnight,Grades 2-12,
Camp Ginger Cascades,1963 Cascade Ln Lenoir NC 28645,Girls,(828) 757-3204,https://www.girlscoutsp2p.org/en/members/for-girl-scouts/camp-and-outdoors.html,35.79977493,-81.41787221,Daycamp,Grades 1-5,
Camp Glen Arden For Girls,1261 Cabin Creek Rd Zirconia NC 28790,Girls,(828) 692-8362,https://www.campglenarden.com,35.21468087,-82.47800462,Overnight,Grades 1-11th,
Camp Green Cove,617 Green Cove Rd Zirconia NC 28790,Girls,(828) 692-6355,https://www.greencove.com,35.21288479,-82.42947103,Daycamp,Ages 6-17,
Camp Illahee,500 Illahee Rd Brevard NC 28712,Girls,(828) 883-2181,https://www.campillahee.com,35.20979317,-82.74854326,Overnight,Grades 2-11,
Camp Merrie-Woode,100 Merrie Woode Rd Sapphire NC 28774,Girls,(828) 743-3300,https://www.merriewoode.com,35.131714,-83.046,Overnight,Summer camp for 1-11th grade,
Camp Rockbrook,152 Parkview Dr Brevard NC 28712,Girls,(828) 884-4545,https://www.rockbrookcamp.com,35.22893335,-82.72483906,Overnight,Grades K-10,
Camp Ton A Wandah HNDRSNVLL,300 W Ton A Wondah Rd Hendersonville NC 28739,Girls,(828) 692-4251,https://www.camptonawandah.com,35.26165814,-82.47623065,Overnight,Grades K-12,
Camper Cargo,100 Lake Falls Rd Hendersonville NC 28739,Girls,(828) 693-7782,https://www.camptonawandah.com,34.985866,-80.73897,Overnight,Summer camp for K-11th grade; Mother daughter weeked,
Keystone Camp,101 Keystone Camp Rd Brevard NC 28712,Girls,(828) 884-9125,https://www.keystonecamp.com,35.22796417,-82.75077818,Overnight,Summer camp for 1-8th grade; Mother Daughter weekend,
Rockbrook Camp For Girls,368 Castle Rock Drive Brevard NC 28712,Girls,(828) 884-6151,https://www.rockbrookcamp.com,35.186577,-82.722816,Overnight,Ages K-10,
Angel Island Fun Park,"924 NE Maynard Rd, Cary, NC 27513",Indoor playground,919-234-1340,https://angelislandusa.com,35.8026338,-78.77025823,Daycamp,,
Angel Island Fun Park,"3330 Westgate Dr, Durham, NC 27707",Indoor playground, 919-808-5939,https://angelislandusa.com,35.96751776,-78.96129796,Daycamp,,
Island Time Drop-n-Play,"222 Winner Avenue Carolina Beach, NC 28428",Indoor playground,(910) 599-3741,https://islandtimeplay.com,34.0400506,-77.89550899,Daycamp,Ages 4 and up,
Pretty Princess Play Palace,"11014 Monroe Rd, Matthews, NC 28105",Indoor playground,(980) 339-5921,https://prettyprincessplaypalace.com,35.13123385,-80.73500774,Daycamp,Ages 4 and up,
Romp n Roll,"10020 Edison Square NW, Ste. 201 / 202, Concord, NC 28027",Indoor playground,980-981-6616,https://rompnroll.com,35.40210293,-80.75997351,Daycamp,Ages 2-5,
Romp n Roll,"6210 Plantation Center Drive Suite 101, Raleigh, NC 27616",Indoor playground,919-615-0819,https://rompnroll.com,35.87186609,-78.58342493,Daycamp,Ages 2-5,
Romp n Roll,"3611 Mt Holly-Huntersville Rd Suite 207, Charlotte, NC 28216",Indoor playground,704-837-0806,https://rompnroll.com,35.325089,-80.946328,Daycamp,Ages 2-5,
The Fun Factory,"120 N Church St Salisbury, Rowan County 28144",Indoor playground,(980) 565-5494,https://www.thefunfactorydowntown.com,35.66857164,-80.47077667,Daycamp,,
The Wonder Lab,"3709-A University Drive Durham, NC 27707",Indoor playground,919-213-8527,https://www.wonderlabdurham.com,35.96690868,-78.94960001,Daycamp,Ages 3-5,
Uwharrie Play Oasis,"805 N 1st Street Albemarle, NC 28001",Indoor playground, (704) 550-5206,https://linktr.ee/uwharrieplayoasis,35.36312499,-80.19872802,Daycamp,Ages 5-12,
Asheville Museum of Science: AMOS,"43 Patton Ave Asheville, NC 28801",Museum,(828) 254-7162,https://ashevillescience.org/explore/,35.59476878,-82.55336398,Daycamp,Grades K-5,
Catawba Science Center,"243 3rd Ave NE, Hickory, NC 28601",Museum,(828) 322-8169,https://catawbascience.org,35.73558388,-81.33451541,Daycamp,Grades PreK-9,
Discovery Place,105 Gilead Rd Huntersville NC 28078,Museum,(704) 327-2189,https://visit.discoveryplace.org/discoveryplacekidshuntersvillesummercamps/events,35.41073125,-80.84357363,Daycamp,Grades PreK-2nd grade,
Fascinate-U Childrens Museum,"116 Green Street Fayetteville, NC 28301",Museum,910-829-9171,https://www.fascinate-u.com,35.05289547,-78.8780769,Daycamp,Pre-K,
Greensboro Science Center,"4301 Lawndale Drive, Greensboro, NC 27455",Museum,336-288-3769,https://www.greensboroscience.org/education/2025-summer-camps/,36.130366,-79.834014,Daycamp,Ages 5-12,
Hands On Children Museum,318 N Main St Hendersonville NC 28792,Museum,(828) 697-8333,https://www.handsonwnc.org,35.31606674,-82.46001054,Daycamp,Ages 4-8,
Kaleideum,400 W Hanes Mill Rd Winston Salem NC 27105,Museum,(336) 723-9111,https://www.kaleideum.org,36.18463641,-80.28206748,Daycamp,Grades PreK-7th,
Kidzu Childrens Museum,201 S Estes Dr Chapel Hill NC 27514,Museum,(919) 933-1455,https://www.kidzuchildrensmuseum.org,35.92647759,-79.02802586,Daycamp,Ages 4-8,
Miriam P. Brenner Childrens Museum,"220 N Church St, Greensboro, NC 27401",Museum, (336) 574-2898,https://mbcmuseum.com,36.07436735,-79.78661262,Daycamp,Ages 4-10,
The Childrens Museum of Wilmington,"116 Orange St. Wilmington, NC",Museum,910.254.3534,https://www.playwilmington.org,34.23279872,-77.94816049,Daycamp,Ages 5-9,
"Zing Zumm, Childrens Museum of Jacksonville","625 New Bridge St, Jacksonville, NC",Museum,910.650.2769,https://zingzumm.org,34.74983759,-77.42418023,Daycamp,Ages 5-10,
Camp Spring Creek,774 Spring Creek Rd Bakersville NC 28705,Other,(828) 688-1000,https://www.campspringcreek.org,36.04048492,-82.08388952,Overnight,Ages 7-15,
Game Camp Nation,"4808 Sharon Rd, Charlotte, NC 28210",Other,(888) 663-9633,https://www.gamecamp.com,35.1463072,-80.83237713,Daycamp,,
Connestee Cove,301 Gwynn Valley Trl Brevard NC 28712,Other,(828) 885-2900,https://www.gwynnvalley.com,35.170145,-82.740212,Overnight,Grades K-10,
Nature Explorers,"2713 Mt Sinai Rd, Chapel Hill, NC 27514",Other, (984) 322-0190,https://www.natureexplorersnc.org/home,35.98430035,-79.05689113,Daycamp,Ages 5-12,
Buffalo Cove Outdoor Edu Ctr,1899 Cool Springs Pl Lenoir NC 28645,Other,(828) 758-7077,https://www.buffalocove.com,36.09411898,-81.5139863,Overnight,Ages 8-17,
Camp Cannon,"5801 Poplar Tent Rd, Concord, NC 28027",Other,(704) 721-7198,https://www.cannonschool.org/cannon-life/camp-cannon,35.4042211,-80.6707978,Daycamp," Arts & Academics, College Prep, SciTech, and Sports for students from ages 4 to 18",
Camp Cedar Cliff,5 Porters Cove Rd Asheville NC 28805,Other,(828) 450-3331,https://www.campcedarcliff.org,35.57846694,-82.46344332,Overnight,Grades 2-10,
Camp Cedar Cliff,5 Porters Cove Rd Asheville NC 28805,Other,(828) 450-3331,https://www.campcedarcliff.org,35.57846694,-82.46344332,Daycamp,Grades K-5th,
Camp Flintlock,1580 King Mill Rd Four Oaks NC 27524,Other,(919) 938-1776,https://www.campflintlock.com,35.48233304,-78.48976271,Overnight,Ages 9-15,
Camp Flintlock,1580 King Mill Rd Four Oaks NC 27524,Other,(919) 938-1776,https://www.campflintlock.com,35.48233304,-78.48976271,Daycamp,Ages 7-13,
Camp Greyrock,337 Camp Rainbow Rd Boone NC 28607,Other,(828) 963-4680,https://www.campgreyrock.com,36.15927832,-81.77116314,Overnight,Ages 9-16,
Camp Pinewood,300 Orrs Camp Rd Hendersonville NC 28792,Other,(828) 692-6239,https://www.camppinewood.net,35.33523081,-82.44122786,Overnight,Grades 1-11,
Camp Pinnacle,1 Wolfe Lake Dr Hendersonville NC 28739,Other,(828) 692-2677,https://www.camppinnacle.com,35.26884148,-82.49439322,Overnight,Summer camp for 1-11th grade,
Camp Riverlea For Children,8302 S Lowell Rd Bahama NC 27503,Other,(919) 477-8739,https://www.campriverlea.com,36.14986167,-78.94624383,Daycamp,Grades K-7,
Camp Wayfarer,1 Red Bird Song Rd Flat Rock NC 28731,Other,(828) 696-9000,https://www.campwayfarer.com,35.24366873,-82.40055225,Overnight,Summer camp for K-11th grade,
Camps on Campus at UNC Charlotte,"9201 University City Blvd, Charlotte, NC 28223",Other,(704) 687-8900,https://summercamps.charlotte.edu,35.30649445,-80.7349705,Daycamp,Grades 1-12,
Central Piedmont Community College Summer Camps,"1112 Charlottetowne Ave, Charlotte, NC 28204",Other, (704) 330-6035,https://youth.cpcc.edu,35.21476384,-80.82971676,Daycamp,Grades 4-12,
Charlotte Preparatory School," 212 Boyce Rd, Charlotte, NC 28211",Other,(704) 366-5994,https://charlotteprep.org/community/summer-camp?gad_source=1&gbraid=0AAAAAoo7gb8YUTE-ExnIrdBmdem6S0jk4&gclid=Cj0KCAjwvr--BhB5Ei0Ad5YbXmaQUJn_Ohzw5wMdYJbMDca9Nj5ZgxadHBUlo_iEyj-zp35ShpoIp1kaAn9QEALw_wcB,35.14712695,-80.77009598,Daycamp,Grades K-8,
Eagles Nest Foundation,705 Manly St Winston Salem NC 27101,Other,(336) 761-1040,https://www.enf.org,36.10160953,-80.25789675,Overnight,Grades K-9,
Good Times Day Camp LLC,3717 W Vernon Ave Kinston NC 28504,Other,(252) 000-1111,https://www.goodtimesdaycamp.org,35.26417718,-77.63947339,Daycamp,Ages 5 and up,
Green River Preserve,301 Green River Rd Cedar Mountain NC 28718,Other,(828) 698-8828,https://www.greenriverpreserve.org,35.162932,-82.58573,Overnight,Grades 1-12,
Kids Club House,72 Coats Commercial Dr Garner NC 27529,Other,(919) 550-3262,https://www.kids-clubhouse.us,35.5805205,-78.54739429,Daycamp,Ages 5-13,
Launch Family Entertainment Asheville,24 Walden Drive Arden NC 28704,Other,(828) 651-0280,https://launchfamilyentertainment.com/asheville/,35.4643283,-82.51874801,Daycamp,Ages 5-13,
Level Up! Innovative STEMulation,"1311 Matthews-Mint Hill Rd, Matthews, NC 28105",Other,(704) 443-7016,https://levelupinstem.com,35.1190772,-80.70215035,Daycamp,Ages 4-14,
Level Up! Innovative STEMulation,"1311 Matthews-Mint Hill Rd, Matthews, NC 28105",Other,(704) 443-7016,https://levelupinstem.com,35.1190772,-80.70215035,Overnight,Grades 4-12,
Mebanes Best After School Program and Summer Camp,"107 E Ruffin St #102, Mebane, NC 27302",Other, (919) 563-2622,https://championskick.com/program/summer-camp/,36.09773646,-79.26706119,Daycamp,All ages,
Millstone 4 H Camp,1296 Mallard Dr Ellerbe NC 28338,Other,(910) 652-5905,https://www.millstone4hcamp.com,35.0593574,-79.68492718,Overnight,Ages 5-17,
Proehlific Park,"4517 Jessup Grove Rd, Greensboro, NC 27410",Other,(336) 665-5233,https://proehlificpark.com,36.13985195,-79.88745067,Daycamp,Grades K-8,
Quaker Lake Camp,1503 Nc Highway 62 E Climax NC 27233,Other,(336) 674-2321,https://www.quakerlakecamp.org,35.91330203,-79.69566991,Overnight,Ages 7-17,
Sea Turtle Camp,530 Causeway Dr Wrightsville Bch NC 28480,Other,(910) 686-4611,https://www.seaturtlecamp.com,34.21057928,-77.80017152,Overnight,Grades 5-8,
Sprouts,"1027 Eastchester Dr, High Point, NC 27262",Other,(336) 410-4555,https://sproutsnc.com,35.9910831,-80.0008476,Daycamp,GRADES K-8,
SUMMER AT PROVIDENCE DAY SCHOOL,"5800 Sardis Road Charlotte, NC 28270",Other, (704) 716-4100,https://summer.providenceday.org/camp-spirit?gad_source=1&gbraid=0AAAAA-IzYW-djdAw3mgxhWrjOO8XlvlaX&gclid=CjwKCAjwvr--BhB5EiwAd5YbXhMDZx4f9xlbpvERz1g4JGzNw2NkwdarknfyyYTOWfWdBM-M2guJyhoCdGQQAvD_BwE,35.160534,-80.780032,Daycamp,Grades K-8,
Summer Camps High Point," 3755 Admiral Dr, High Point, NC 27265",Other,(336) 869-8399,https://www.summercamphighpoint.com,36.028396,-79.966426,Daycamp,Ages 6-12,
Talisman Summer Camps (Autism Camps for Kids),64 Gap Creek Rd Zirconia NC 28790,Other,(828) 697-6313,https://www.talismancamps.com,35.18285744,-82.430395,Daycamp,Ages 6-22,
Town of Chapel Hill Summer Cams,Multiple locations-check website,Other,919-968-2743,https://www.townofchapelhill.org/government/departments-services/parks-and-recreation/summer-camp-registration,35.910259,-79.055473,Daycamp,,
Urban Air Trampoline and Adventure Park,"9108 Lawyers Rd, Mint Hill, NC 28227",Other, (704) 992-7883,https://www.urbanair.com/north-carolina-mint-hill,35.18762353,-80.69013197,Daycamp,,
Urban Air Trampoline and Adventure Park,"17001 Kenton Dr, Cornelius, NC 28031",Other, (704) 800-4699,https://www.urbanair.com,35.44685682,-80.89095476,Daycamp,,
Urban Air Trampoline and Adventure Park,"200 Summit Square Boulevard Winston-Salem, NC 27105",Other,336-793-2145,https://www.urbanair.com,36.18633899,-80.27409282,Daycamp,,
Urban Air Trampoline and Adventure Park,"3202 W Friendly Ave, Greensboro, NC 27408",Other,(336) 218-9144,https://www.urbanair.com,36.08385452,-79.83323927,Daycamp,,
Urban Air Trampoline and Adventure Park,"7810 Poyner Pond Circle Raleigh, North Carolina 27616",Other,919-842-3569,https://www.urbanair.com,35.8642942,-78.56897593,Daycamp,,
Urban Air Trampoline and Adventure Park,"2051 Skibo Rd Fayetteville, North Carolina 28314",Other,(910) 218-0502,https://www.urbanair.com,35.05513555,-78.97250024,Daycamp,,
Urban Air Trampoline and Adventure Park,"1020 WCC Lane Morrisville, North Carolina 27560",Other,(919) 377-9609,https://www.urbanair.com,35.84104695,-78.81699606,Daycamp,,
Camp Corvian,"4041 Johnston Oehler Rd, Charlotte, NC 28269",Other,,https://www.campcorvian.com,35.3622649,-80.77554512,Daycamp,Grades 1-6,
Wings of Eagles Ranch (Special needs),"4800 Faith Trails, Concord, NC 28025",Other,(704) 784-3147,https://wingsofeaglesranch.org/index.html,35.355014,-80.459291,Daycamp,Ages 4 & up,
Camp Mary Atkinson,8591 Nc Highway 42 E Selma NC 27576,Scouts,(919) 975-0555,https://www.nccoastalpines.org/en/members/for-girl-scouts/camp-and-outdoors/summer-resident-camp/camp-mary-atkinson.html,35.66349054,-78.27021418,Daycamp,,
Camp Mary Atkinson,8591 Nc Highway 42 E Selma NC 27576,Scouts,(919) 975-0555,https://www.nccoastalpines.org/en/members/for-girl-scouts/camp-and-outdoors/summer-resident-camp/camp-mary-atkinson.html,35.66349054,-78.27021418,Overnight,,
Belk Scout Camp,9408 Belt Rd Nebo NC 28761,Scouts,(704) 333-5471,https://www.mccscouting.org/WebelosAdventureCamp,35.205788,-80.554009,Overnight,Scouting,
Belk Scout Camp,9408 Belt Rd Nebo NC 28761,Scouts,(704) 333-5471,https://www.mccscouting.org/WebelosAdventureCamp,35.205788,-80.554009,Daycamp,Scouting,
Camp Bowers,13165 Nc Highway 53 W White Oak NC 28399,Scouts,(910) 395-1100,https://www.capefearcouncilbsa.org/camping/camp-bowers/summer-camp/,34.78887663,-78.72610149,Overnight,Grades 6-11,
Camp Raven Knob,266 Raven Knob Rd Mt Airy NC 27030,Scouts,(336) 352-4307,https://www.ravenknob.com,36.47907267,-80.84308089,Overnight,,
Spanish For Fun,"8000 Glenwood Ave.Raleigh, NC 27612",Other,(919) 883-2061,https://www.spanishforfun.com,35.873062,-78.725901,Daycamp,18 months to 8 years old,
Spanish For Fun,"3220 Rogers Rd Wake Forest, NC 27587",Other,(919) 883-2061,https://www.spanishforfun.com,35.949348,-78.518066,Daycamp,6 weeks to 8 years,
Spanish For Fun,"Cary 100 Endeavor Way Cary, NC 27513",Other,(919) 883-2061,https://www.spanishforfun.com,35.831537,-78.772632,Daycamp,6 weeks to 8 years,
Spanish For Fun,"5600 Duraleigh Rd. Raleigh, NC 27612",Other,(919) 883-2061,https://www.spanishforfun.com,35.853736,-78.710905,Daycamp,Infant and Toddler Center,
Asheville Sun Soo Martial Arts,800 Fairview Rd # D2 Asheville NC 28803,Sport,(828) 505-4309,https://www.martialartsasheville.com,35.5652591,-82.5102156,Daycamp,Grades K-5,1
Bam Camp Academy,"4301 Sandy Porter Rd, Charlotte, NC 28273",Sport,(202) 749-1738,https://bamcampacademy.company.site,35.15800835,-80.95235998,Daycamp,Ages 8-18; Basketball,
Big League Camp,3645 Yancey Rd Marion NC 28752,Sport,(828) 000-1111,https://www.bigleaguecamp.com,35.70482396,-82.01144446,Overnight,Ages 8-18; Boys Baseball & Girls Softball,
Bigfoot Climbing Gym,"212 Avery Ave, Morganton, NC 28655",Sport,(828) 608-0995,https://www.bigfootclimbinggym.com,35.74823145,-81.6875148,Daycamp,Ages 6-12,
Broadreach,1111 Haynes St # 107 Raleigh NC 27604,Sport,(919) 833-1907,https://www.gobroadreach.com,35.79444887,-78.63737587,Overnight,Grades 6-12,
Cale Camp & Conference Ctr,377 Camp Cale Rd Hertford NC 27944,Sport,(252) 264-3414,https://www.campcale.com,36.14867458,-76.36901669,Overnight,Ages 7-15,
Cale Camp & Conference Ctr,377 Camp Cale Rd Hertford NC 27944,Sport,(252) 264-3414,https://www.campcale.com,36.14867458,-76.36901669,Daycamp,Ages 6-9,
Camp NOMAD @ Evolution Aquatics & Activity Center,"11202 Harris Rd, Huntersville, NC 28078",Sport,(704) 949-1555,https://www.nomadaquatic.com/nomad-kids-camp/,35.40072307,-80.76353849,Daycamp,,1
Carolina Soccer Camps,1408 Walker Ave Greensboro NC 27412,Sport,(336) 880-9084,https://www.carolinasoccercamps.com,36.06845766,-79.81270422,Daycamp,Ages 6-15,
Charlottes Best Summer Camp & After School Program," 3420 St Vardell Ln suite e, Charlotte, NC 28217",Sport,(704) 333-4155,https://charlottemartialartsacademy.com/summer-camp-charlotte-martial-arts-academy-in-charlotte/,35.19829958,-80.88016588,Daycamp,Ages 5-18,
Coach Conroys All Sports Camp,"320 Chestnut Pkwy, Indian Trail, NC 28079",Sport,(704) 821-5401,https://secure.rec1.com/NC/city-of-indian-trail/catalog/index/3832191189bdf020eeaf4cb4fde9c814?filter=c2VhcmNoPWNvbnJveQ==,35.0844734,-80.6643671,Daycamp,Ages 4-13,
Duke Soccer Camp,36 Clearwater Dr Durham NC 27707,Sport,(919) 668-5734,https://www.dukesoccercamp.com,35.93776772,-78.9669058,Daycamp,Ages 5-12,
Future Basketball Stars,201 S Chapman St Greensboro NC 27455,Sport,(716) 517-7193,https://www.futurebasketballstarsinc.com,36.07318525,-79.82244373,Daycamp,Grades K-9,
Future Basketball Stars,2200 N Elm St Greensboro NC 27455,Sport,(716) 517-7193,https://www.futurebasketballstarsinc.com,36.10278305,-79.78785756,Daycamp,Grades K-9,
Future Basketball Stars,2900 Horse Pen Creek Rd Greensboro NC 27455,Sport,(716) 517-7193,https://www.futurebasketballstarsinc.com,36.14622945,-79.86893265,Daycamp,Grades K-9,
Future Basketball Stars,5400 Old Lake Jeanette Rd Greensboro NC 27455,Sport,(716) 517-7193,https://www.futurebasketballstarsinc.com,36.14339684,-79.79335776,Daycamp,Grades K-9,
Future Basketball Stars,5401 Lawndale Dr Greensboro NC 27455,Sport,(716) 517-7193,https://www.futurebasketballstarsinc.com,36.15234031,-79.83589645,Daycamp,Grades K-9,
Future Basketball Stars,Jessup Grove Rd Greensboro NC 27455,Sport,(716) 517-7193,https://www.futurebasketballstarsinc.com,36.14098864,-79.88412243,Daycamp,Grades K-9,
Huntersville Family Fitness and Aquatics,11725 Verhoeff Dr Huntersville NC 28078,Sport,(704) 766-2222,https://www.hffa.com/summer-camps-2/,35.39104821,-80.84549461,Daycamp,Ages 3-10,
Mission Grit,"6311 Carmel Rd c, Charlotte, NC 28226",Sport,(704) 733-9103,https://missiongrit.com,35.09178163,-80.84417433,Daycamp,Ages 7+,
Off the Wall Sports,203 Antilles Ct Wilmington NC 28405,Sport,(910) 392-1080,https://www.playoffthewall.com,34.26274203,-77.83625231,Daycamp,Ages 7-12,
Play! - Where Fit Meets Fun,"3518 Drawbridge Parkway Greensboro, NC 27410",Sport,(336) 890-3199 ,https://www.conehealth.com/play/,36.13970021,-79.86457668,Daycamp,,
Sports Connection,"11611 Ardrey Kell Rd, Charlotte, NC 28277",Sport,(704) 583-1444,https://sportsconnectionnc.com/camps-clinics/super-terrific-fun-camps/,35.02193287,-80.84780809,Daycamp,Ages 6-13,
Sports Connection - Granite Street,10930 Granite Street Charlotte NC 28273,Sport,704-583-1444,https://sportsconnectionnc.com/camps-clinics/sports-camps/,35.11977321,-80.92677239,Daycamp,Ages 6-13,
Sports Connection - Northlake,8626 Hankins Road Charlotte NC 28269,Sport,704-583-1444,https://sportsconnectionnc.com/locations/northlake/,35.34089537,-80.83432411,Daycamp,Ages 6-13,
The Little Gym,"4011 Sycamore Dairy Rd, Fayetteville, North Carolina 28303",Sport,(910) 223-3496,https://www.thelittlegym.com/locations/,35.07566215,-78.9544547,Daycamp,Ages 3-12,
The Little Gym,"132 Racine Dr unit 1 Wilmington, NC 28403",Sport,(910) 799-3771,https://www.thelittlegym.com/locations/,34.24272732,-77.86082579,Daycamp,Ages 3-12,
The Little Gym,"1092 Hampton Inn Way Jacksonville, NC 28546",Sport,(910) 809-4067,https://www.thelittlegym.com/locations/,34.78885178,-77.40535439,Daycamp,Ages 3-12,
The Little Gym,"8320 Litchford Rd Raleigh, NC 27615",Sport,(919) 823-4577,https://www.thelittlegym.com/locations/,35.89230967,-78.60152952,Daycamp,Ages 3-12,
The Little Gym,"958 High House Rd Cary, NC 27513",Sport,(919) 481-6701,https://www.thelittlegym.com/locations/,35.78803866,-78.82787758,Daycamp,Ages 3-12,
The Little Gym,"1125 NC-54 Ste 602 Durham, NC 27707",Sport,(919) 391-7075,https://www.thelittlegym.com/locations/,35.91876705,-78.96158126,Daycamp,Ages 3-12,
The Little Gym,"3369 Battleground Ave Greensboro, NC 27410",Sport,(336) 281-9085,https://www.thelittlegym.com/locations/,36.12352638,-79.84642255,Daycamp,Ages 3-12,
The Little Gym,"5850 W Hwy 74 #108 Indian Trail, NC 28079",Sport,(704) 981-2041,https://www.thelittlegym.com/locations/,35.06632859,-80.64045148,Daycamp,Ages 3-12,
The Little Gym,"2685 Celanese Rd suite 118 Rock Hill, SC 29732",Sport,(803) 868-0033,https://www.thelittlegym.com/locations/,34.97611388,-81.01730004,Daycamp,Ages 3-12,
The Little Gym,"2935 Providence Rd Charlotte, NC 28211",Sport,(704) 702-2898,https://www.thelittlegym.com/locations/,35.1709122,-80.80772364,Daycamp,Ages 3-12,
The Little Gym,"1000 Aspinal St Waxhaw, NC 28173",Sport, (704) 256-0231,https://www.thelittlegym.com/locations/,34.94996625,-80.756697,Daycamp,Ages 3-12,
The Little Gym,"9810 Gilead Rd suite a 101, Huntersville, NC 28078",Sport,(704) 774-3306,https://www.thelittlegym.com/locations/,35.40551,-80.865329,Daycamp,Ages 3-12,
Ultimate Kids - Home of Tumblebees,"6904 Downwind Road, Greenboro, NC",Sport,336-665-0662,https://ultimate-kids.com,36.08208263,-79.92778099,Daycamp,Grades Prek and Up,
UNC Greensboro,"1400 Spring Garden St, Greensboro, NC 27412",Sport,336-334-5000,https://www.uncg.edu/academics-support/summer-camps-and-courses/summer-camps/,36.063721,-79.820862,Daycamp,,
We Rock the Spectrum,"63 TURTLE CREEK DR, ASHEVILLE, NC 28803",Sport,828-505-7556,https://www.werockthespectrumasheville.com,35.50808628,-82.52437325,Daycamp,Ages 3-7,
We Rock the Spectrum,"2104 Village Market Place, Morrisville, NC 27560",Sport,984-201-0117_,https://www.werockthespectrumcary.com,35.80716236,-78.81778527,Daycamp,Ages 3-7,
Who Got Game CLT,"615 E 6th St, Charlotte, NC 28202",Sport,(704) 877-1431,https://whogotgameclt.com,35.22430479,-80.83551031,Daycamp,,
Youth Hoops Basketball Camps,60 Tabardry Mill Prt Chapel Hill NC 27516,Sport,(919) 000-1111,https://www.youthhoops.com,35.82572577,-79.1065032,Daycamp,Ages 6-14,
Camp Invention,"2600 Buena Vista Rd Basecamp 1, Winston-Salem, NC 27104",Other,(800) 968-4332,https://www.invent.org/programs/camp-invention,36.106553,-80.286981,Daycamp,Grades K-6; STEM,
Science Fun For Everyone,1939 High House Rd Cary NC 27519,Other,(919) 460-5800,https://www.sciencefun.org,35.79046545,-78.84917228,Daycamp,,
 YMCA CAMP CHEERIO,1430 Camp Cheerio Glade Valley NC 28627,YMCA,NA,https://www.campcheerio.org,36.40104911,-81.01630391,Overnight,Family Camp Weekends; Mother Daughter Weekends,
A.E. Finley YMCA,"9216 Baileywick Road Raleigh, NC 27615",YMCA,919-848-9622,https://www.ymcatriangle.org/programs/camps/traditional-day-camps/finley-day-camp,35.90741085,-78.65735562,Daycamp,Ages 5-14,
BRACE FAMILY YMCA,"3127 Weddington Road Matthews, NC 28105",YMCA,,https://www.ymcacharlotte.org/branches/brace-family,35.08510313,-80.73119486,Daycamp,Multiple camp types,
CAMP BLAZING TRAILS AT BLUE JAY POINT PARK,"3200 Pleasant Union Church Rd., Raleigh, NC 27614",YMCA,919-848-9622,https://www.ymcatriangle.org/programs/camps/traditional-day-camps/camp-blazing-trails-blue-jay-point-park,35.96682735,-78.64532341,Daycamp,Multiple camp types,
CAMP BLAZING TRAILS: LAKE CRABTREE PARK,"1400 Aviation Pkwy Morrisville, NC 27560",YMCA,919-653-2365,https://www.ymcatriangle.org/programs/camps/traditional-day-camps/camp-blazing-trails-lake-crabtree-park,35.84527,-78.801308,Daycamp,Multiple camp types,
CAMP Cheerio Adventure Camp,1430 Camp Cheerio Rd Glade Valley NC 28627,YMCA,(336) 363-2604,https://www.campcheerio.org,36.40104911,-81.01630391,Overnight,"Overnight summer camps, Family camps, Mother-Daugther weekend",
CAMP CLEARWATER: CILTS,"1720 Clearwater Lake Road Chapel Hill, NC 27517",YMCA,919-987-8845,https://www.ymcatriangle.org/programs/camps/traditional-day-camps/camp-clearwater-cilts,35.8669474,-79.0401988,Daycamp,Multiple camp types,
Camp Corral,801 N West St Raleigh NC 27603,YMCA,(919) 659-3350,https://www.campcorral.org,35.79037527,-78.64470002,Overnight,Military children,
CAMP CRUSH AT RIVER PARK ELEMENTARY,"240 St Marys Rd Hillsborough, NC 27278",YMCA,919-442-9622,https://www.ymcatriangle.org/programs/camps/traditional-day-camps/camp-crush-river-park-elementary,36.076885,-79.0936089,Daycamp,Multiple camp types,
CAMP EXCEL: ESTES HILLS ELEMENTARY,"500 N. Estes Dr. Chapel Hill, NC 27514",YMCA,984-569-0811,https://www.ymcatriangle.org/programs/camps/traditional-day-camps/camp-excel-estes-hills-elementary,35.9359769,-79.0438998,Daycamp,Multiple camp types,
CAMP EXCEL: LAKEWOOD ELEMENTARY,"2520 Vesson Avenue Durham, NC 27707",YMCA,984-215-1803,https://www.ymcatriangle.org/programs/camps/traditional-day-camps/camp-excel-lakewood-elementary,35.98305475,-78.93544461,Daycamp,Multiple camp types,
CAMP EXCEL: LIGON MIDDLE,"706 E Lenoir St Raleigh, NC 27601",YMCA,919-815-8399,https://www.ymcatriangle.org/programs/camps/traditional-day-camps/ymca-camp-high-hopes-0,35.772542,-78.626163,Daycamp,Multiple camp types,
CAMP EXCURSION,"12100 Buffalo Rd Clayton, NC 27527",YMCA,919-440-0123,https://www.ymcatriangle.org/programs/camps/traditional-day-camps/camp-excursion,35.66732255,-78.3508853,Daycamp,Multiple camp types,
CAMP EXPLORER,"700 Tingen Rd. Apex, NC 27502",YMCA,919-249-1425,https://www.ymcatriangle.org/programs/camps/traditional-day-camps/camp-explorer-extras,35.721056,-78.855958,Daycamp,Multiple camp types,
CAMP EXPLORER: MIDDLE SCHOOL,"204 Athletic Club Blvd Clayton, NC 27527",YMCA,919-750-3756,https://www.ymcatriangle.org/programs/camps/traditional-day-camps/camp-explorer-middle-school,35.6916656,-78.42275048,Daycamp,Multiple camp types,
CAMP FIRST RESPONDER,"1300 Vandora Springs Rd Garner, NC, NC 27529",YMCA,919-582-9622,https://www.ymcatriangle.org/programs/camps/traditional-day-camps/camp-first-responder,35.699295,-78.629135,Daycamp,Multiple camp types,
CAMP FRONTIER,"4818 S Roxboro St Durham, NC 27713",YMCA,919-323-2113,https://www.ymcatriangle.org/programs/camps/traditional-day-camps/camp-frontier,35.93358995,-78.93814471,Daycamp,Multiple camp types,
CAMP OUTER LIMITS,"441 Mills Park Drive Cary, NC 27519",YMCA,984-255-2423,https://www.ymcatriangle.org/programs/camps/traditional-day-camps/camp-outer-limits-extras,35.8127782,-78.90223804,Daycamp,Multiple camp types,
CAMP PATHFINDER,"325 Norris Rd. Clayton, NC 27520",YMCA,919-631-2167,https://www.ymcatriangle.org/programs/camps/traditional-day-camps/camp-pathfinder-cilts,35.57543295,-78.47486779,Daycamp,Multiple camp types,
CAMP QUEST: LINCOLN HEIGHTS ELEMENTARY,"307 Bridge St Fuquay-Varina, NC 27526",YMCA,919-249-1415,https://www.ymcatriangle.org/programs/camps/traditional-day-camps/camp-quest-lincoln-heights-elementary,35.5901005,-78.80957963,Daycamp,Multiple camp types,
CAMP SKYLINE,"301 St Marys St Raleigh, NC 27605",YMCA,919-815-5392,https://www.ymcatriangle.org/programs/camps/traditional-day-camps/camp-skyline,35.784402,-78.650795,Daycamp,Ages 5-14,
CAMP VOYAGER,"806 S Vance Street Sanford, NC 27330",YMCA,919-561-4642,https://www.ymcatriangle.org/programs/camps/traditional-day-camps/camp-voyager,35.47394947,-79.18130924,Daycamp,Multiple camp types,
CHAPEL HILL Y DAY CAMP: CILTS,"980 Martin Luther King Jr. Blvd. Chapel Hill, NC 27514",YMCA,919-452-4191,https://www.ymcatriangle.org/programs/camps/traditional-day-camps/chapel-hill-y-day-camp-cilts,35.9339618,-79.05439748,Daycamp,Multiple camp types,
East Triangle YMCA,"120 Flowers Parkway Clayton, NC 27527",YMCA,919-440-0123,https://www.ymcatriangle.org/locations/east-triangle-ymca,35.6546601,-78.3516934,Daycamp,Multiple camp types,
Greystone Baptist Church,"7509 Lead Mine Road  Raleigh, NC 27615",YMCA,919-848-9622,https://www.ymcatriangle.org/programs/camps/traditional-day-camps/kindercamp-ae-finley-ymca,35.88106622,-78.66174061,Daycamp,Multiple camp types,
HARRIS YMCA,"5900 Quail Hollow Rd Charlotte, NC 28210",YMCA,,https://www.ymcacharlotte.org/branches/harris,35.13305311,-80.83911066,Daycamp,Multiple camp types,
JOHNSTON YMCA,"3025 N Davidson St Charlotte, NC 28205",YMCA,,https://www.ymcacharlotte.org/branches/johnston/hours,35.24600994,-80.80760084,Daycamp,Multiple camp types,
KEITH FAMILY YMCA,"8100 Old Mallard Creek Rd Charlotte, NC 28262",YMCA,,https://www.ymcacharlotte.org/branches/keith-family/hours,35.31681001,-80.77786681,Daycamp,Multiple camp types,
Kerr Family YMCA,"2500 Wakefield Pines Dr. Raleigh, NC 27614",YMCA,919-562-9622,https://www.ymcatriangle.org/programs/camps/traditional-day-camps/camp-kerr-extras,35.947654,-78.56754,Daycamp,Multiple camp types,
KINDERCAMP: CHATHAM YMCA,"2655 Hamlets Chapel Road Pittsboro, NC 27312",YMCA,910-986-9633,https://www.ymcatriangle.org/programs/camps/traditional-day-camps/kindercamp-chatham-ymca,35.80876,-79.1597423,Daycamp,Multiple camp types,
Kraft Family YMCA,"8921 Holly Springs Road Apex, NC 27539",YMCA,919-632-3759,https://www.ymcatriangle.org/programs/camps/traditional-day-camps/camp-crossroads-cilts,35.69102858,-78.77796429,Daycamp,Multiple camp types,
Lake Johnson Park,"4603 Avent Ferry Road Raleigh, NC 27606",YMCA,919-832-9622,https://www.ymcatriangle.org/programs/camps/traditional-day-camps/camp-blazing-trails-lake-johnson,35.76367324,-78.71405153,Daycamp,Multiple camp types,
LAKE NORMAN YMCA,"21300 Davidson St Cornelius, NC 28031",YMCA,,https://www.ncymcas.org/locations?type=branches&amenities,35.49341004,-80.85987036,Daycamp,Multiple camp types,
LOWES YMCA,"170 Joe Knox Ave Mooresville, NC 28117",YMCA,,https://www.ymcacharlotte.org/branches/lowes,35.59140559,-80.8756832,Daycamp,Multiple camp types,
MCCROREY YMCA,"3801 Beatties Ford Road Charlotte, NC 28216",YMCA,,https://www.ymcacharlotte.org/branches/mccrorey,35.28488125,-80.85820897,Daycamp,Multiple camp types,
MORRISON FAMILY YMCA,"9405 Bryant Farms Rd Charlotte, NC 28277",YMCA,,https://www.ymcacharlotte.org/branches/morrison/amenities,35.045741,-80.82480468,Daycamp,Multiple camp types,
NO LIMITS AT CAMP G.R.A.C.E.,"2110 Aversboro Road Garner, NC 27529",YMCA,919-987-8767,https://www.ymcatriangle.org/programs/camps/traditional-day-camps/no-limits-camp-grace,35.6818745,-78.6220015,Daycamp,Multiple camp types,
Northwest Cary YMCA,"6903 Carpenter Fire Station Rd Cary, NC 27519",YMCA,984-309-9856,https://www.ymcatriangle.org/programs/camps/traditional-day-camps/camp-expedition,35.82397997,-78.87786606,Daycamp,Multiple camp types,
SIMMONS YMCA,"6824 Democracy Dr. Charlotte, NC 28211",YMCA,,https://www.ymcacharlotte.org/branches/simmons/amenities,35.20080406,-80.73138766,Daycamp,Multiple camp types,
Southeast Raleigh YMCA,"1436 Rock Quarry Rd Raleigh, NC 27610",YMCA,919-359-9622,https://www.ymcatriangle.org/programs/camps/traditional-day-camps/southeast-raleigh-day-camp-extras,35.7609113,-78.61436,Daycamp,Multiple camp types,
STEELE CREEK YMCA,"9331 South Tryon St, Charlotte, NC 28273",YMCA,,https://www.ymcacharlotte.org/branches/steele-creek,35.1313618,-80.9403856,Daycamp,Multiple camp types,
STRATFORD RICHARDSON YMCA,"1946 West Boulevard Charlotte, NC 28208",YMCA,,https://www.ymcacharlotte.org/branches/stratford-richardson/amenities,35.21345934,-80.89120494,Daycamp,Multiple camp types,
Taylor Family YMCA,"101 YMCA Drive Cary, NC 27513",YMCA,919-653-2362,https://www.ymcatriangle.org/programs/camps/traditional-day-camps/kindercamp-taylor-family-ymca,35.77724095,-78.83482639,Daycamp,Multiple camp types,
WEE CAMP,"10900 Penny Road Cary, NC 27518",YMCA,919-249-1418,https://www.ymcatriangle.org/programs/camps/traditional-day-camps/wee-camp-kraft-family-ymca,35.71555757,-78.7963151,Daycamp,Multiple camp types,
WEE CAMP: ALEXANDER FAMILY YMCA,"1801 Hillsborough Street Raleigh, NC 27605",YMCA,919-582-2291,https://www.ymcatriangle.org/programs/camps/traditional-day-camps/wee-camp-alexander-family-ymca,35.784874,-78.660946,Daycamp,Multiple camp types,
YMCA at Knightdale Station,"102 Lawson Ridge Road Knightdale, NC 27545",YMCA,919-266-9622,https://www.ymcatriangle.org/programs/camps/traditional-day-camps/camp-knightdale-cilts,35.80762912,-78.48037436,Daycamp,Multiple camp types,
YMCA at Meadowmont,"301 Old Barn Lane Chapel Hill, NC 27517",YMCA,984-260-7595,https://www.ymcatriangle.org/programs/camps/traditional-day-camps/ymca-meadowmont-day-camp,35.9098033,-79.01500908,Daycamp,Multiple camp types,
YMCA CAMP EXCEL,"1000 Evans Road Cary, NC 27513",YMCA,919-653-2368,https://www.ymcatriangle.org/programs/camps/traditional-day-camps/ymca-camp-high-hopes-west-cary-elementary,35.802061,-78.795206,Daycamp,Ages 5-13,
YMCA Camp Hanes,1225 Camp Hanes Rd King NC 27021,YMCA,(336) 983-3131,https://www.camphanes.org,36.36431595,-80.3607627,Overnight,6-15yr,
YMCA Camp Hanes,1225 Camp Hanes Rd King NC 27021,YMCA,(336) 983-3131,https://www.camphanes.org,36.36431595,-80.3607627,Daycamp,6-12yr,
YMCA Camp Kanata,13524 Camp Kanata Rd Wake Forest NC 27587,YMCA,(919) 556-2661,https://www.campkanata.org,36.00544756,-78.56710721,Overnight,,
YMCA Camp Kirkwood,2015 Camp Kirkwood Rd Watha NC 28478,YMCA,(910) 726-9789,https://www.ymcasenc.org,34.63390738,-77.92788381,Overnight,Ages 7-15,
YMCA Camp Seafarer,2744 Seafarer Rd Arapahoe NC 28510,YMCA,(252) 249-1212,https://www.seagull-seafarer.org,35.00282398,-76.85781435,Overnight,,
YMCA CAMP SEAGULL,218 Sea Gull Landing Arapahoe NC 28510,YMCA,NA,https://www.seagull-seafarer.org,34.97461,-76.801022,Overnight,,
YMCA Camp Thunderbird,"1 Thunderbird Ln, Lake Wylie, SC 29710",YMCA, (704) 716-4100,https://www.ymcacharlotte.org/camps/camp-thunderbird,35.1063853,-81.0423504,Daycamp,Ages 6 and up,
YMCA Camp Thunderbird,"1 Thunderbird Ln, Lake Wylie, SC 29710",YMCA, (704) 716-4100,https://www.ymcacharlotte.org/camps/camp-thunderbird,35.1063853,-81.0423504,Overnight,Ages 7-16,
YMCA CAMP W. HERMAN WEAVER,4924 Tapawingo Trl Greensboro NC 27406,YMCA,NA,https://www.campweaver.org,36.02632597,-79.68669203,Daycamp,,
YMCA CAMP W. HERMAN WEAVER,4924 Tapawingo Trl Greensboro NC 27406,YMCA,NA,https://www.campweaver.org,36.02632597,-79.68669203,Overnight,,
YMCA Camp Watia,5030 Camp Watia Rd Bryson City NC 28713,YMCA,(828) 209-9600,https://www.ymcacampwatia.org,35.34838241,-83.60035482,Overnight,,
YMCA DAY CAMP: PITTSBORO ELEMENTARY SCHOOL,"375 Pittsboro Elementary School Road Pittsboro, NC 27312",YMCA,910-986-9711,https://www.ymcatriangle.org/programs/camps/traditional-day-camps/ymca-day-camp-pittsboro-elementary-school,35.7176871,-79.1835848,Daycamp,Grades K-8,